inETIP,subcategory,company,website,country,code_sig,network_sig,documentation
,,24/7 real media,,,,,
ETIP,Mobile Marketing,360Dialog,360dialog.com,,,,https://developers.360dialog.io/mobile/android/sdk_setup.html?android
ETIP,Mobile Marketing,Aarki,aarki.com,USA,com.aarki,,
ETIP,,ABTasty,abtasty.com,,com.abtasty,abtasty\.com,
ETIP,Mobile Marketing,Accengage (an Urban Airship Company.  formerly Ad4Screen),accengage.com,,com.ad4screen.sdk,a4\.tl|accengage\.com|ad4screen\.com|ad4push\.com,
ETIP,,AccountKit,accountkit.com,,com.facebook.accountkit,,
ETIP,,Actv8,actv8me.com,,me.actv8,actv8technologies.com,
ETIP,,Acuant,acuantcorp.com,,,,
ETIP,,Ad4Game,ad4game.com,Canada,,,http://developer.ad4game.com/index.php/Android
,Mobile Marketing,AdAction Interactive,adaction.mobi,,,,x
ETIP,Mobile Marketing,AdAdapted,adadapted.com,,,,https://dev.adadapted.com
,Native/Content Advertising,Adblade,adblade.com,USA,,,x
ETIP,,adboost,adboost.sk,,.com.ew.sdk.adboost,,
ETIP,,Adbrix,ad-brix.com,,com.igaworks,,
ETIP,Mobile Marketing,AdBuddiz,publishers.adbuddiz.com,,,,
ETIP,,AdCash,adcash.com,Estonia,,,
ETIP,Mobile Marketing,Adcenix,adcenix.com,,com.adcenix.,,
,,Adcito Media,adcitomedia.com,USA,,,
ETIP,Mobile Marketing,AdColony (Jirbo),jirbo.com|adcolony.com,USA,com.jirbo|com.adcolony,adcolony.com,
ETIP,,Add Apt Tr,addapptr.com,,com.intentsoftware.addapptr,,
,,adDash,,,,,
,,AdDuplex,,,,,
,Mobile Marketing,Adelphic,adelphic.com,USA,,,
,DMP,Adex,theadex.com,,,,
,Mobile Marketing,AdFalcon by Noqoush,adfalcon.com,UAE,,,
ETIP,,AdFit (Daum),daum.net,,com.kakao.adfit.ads,,
ETIP,,Adflake,made-apps.com,,com.adflake,,
,,Adfonic,adfonic.com,UK,com.adfonic,,
,,Adforce,adforce.com,Ireland,,,
ETIP,Display & Programmatic Advertising,AdForm,adform.com,,com.adform.sdk|com.adform.adformtrackingsdk,,
,,Adfrap,adfrap.com,UK,,,
ETIP,,Adfurikun,adfurikun.jp,,jp.tjkapp.adfurikunsdk,,
,Mobile Marketing,Adgoji,adgoji.com,,com.adgoji.mraid.,,
,,Adgorithms,adgorithms.com,Israel,,,
,,AdGroups,adgroups.net,USA,,,
,,AdHaven,,,,,
,Mobile & Web Analytics,Adigami,adigami.com,,,,
,Mobile Marketing,Adikteev,adikteev.com,,,,
,,Adinch,adinch.com,USA,,,
ETIP,,Adincube,adincube.com,,com.adincube.sdk.,,
,,AdIQuity,adiquity.com,India,com.adiquity,,
,,Aditic,aditic.com,France,,,
,,ADITION,adition.com,,com.adition.android.sdk.,,
ETIP,Mobile Marketing,Adjust,adjust.com,,com.adjust.sdk.,,
,,AdKarma,adkarma.net,USA,,,
,,Adknowledge,adknowledge.com,USA,com.adknowledge,,
,,Adlantis,adlantis.jp,Japan,,,
ETIP,Mobile Marketing,ADLIB,adlibr.com,,,,
,Mobile Marketing,AdLocus,adlocus.com,,,,
,,Adloqi,adloqi.com,UK,,,
,,Admagnet,admagnet.com,India,,,
,,adMarketplace,admarketplace.com,USA,,,
,,AdMarvel,admarvel.com,USA,com.admarvel,,
,,AdMaxim,admaxim.com,USA,,,
ETIP,,Admixer,admixer.co.kr,,com.admixer,,
,,AdMob,google.com/admob,,com.admob,,
,,AdMobix,admobix.com,Canada,,,
,,Admoda,admoda.com,UK,,,
,,AdMoment,admoment.ru,Russia,,,
ETIP,,Admost,admost.com,,admost.sdk,,
ETIP,,AdMuing,github.com/admuing,,com.admuing,,
,,AdNetwork.net,adnetwork.net,Argentina,,,
,Native/Content Advertising,Adnow,adnow.com,,,,
ETIP,,Adot,we-are-adot.com,,com.adotmob,,
,,Adotomi,adotomi.com,USA,,,
,Mobile Marketing,Adperio,adperio.com,,,,
,,Adplace,adplace.com,Germany,,,
,Mobile Marketing,adPoPcorn,adpopcorn.com,,,,
,,Ads Yolo,,,,,
,,Adsense,,,,,
,,Adsmovil,adsmovil.com,Latin America,,,
,,Adspree media,,,,,
,Mobile Marketing,adsquare,adsquare.com,,,,
ETIP,Display & Programmatic Advertising,AdsWizz,adswizz.com,,com.adswizz.sdk.,,
ETIP,Display & Programmatic Advertising,AdTheorent,adtheorent.com,USA,,,
,Mobile Marketing,Adtile Technologies,adtile.me,,,,
,,Adways,adways.net,Japan,,,
,,Adwhirl,adwhirl.com,,com.adwhirl,,
,,AdWired,,,,,
,,Ad-X Tracking,,,,,
,,AdXcel,adxcel.com,USA,,,
,,Adxperience,adxperience.com,France,,,
,,Adxtracking,adxtracking.com,,com.adx,,
ETIP,,Adzerk,adzerk.com,,,,
,Mobile Marketing,AdZouk,adzouk.com,Middle East,,,
ETIP,Mobile Marketing,AerServ,aerserv.com,,com.aerserv.sdk.,,
,,Affiliate Media Inc.,affiliatemedia.com,USA,,,
,,affiliaXe,affiliaxe.com,Israel,,,
,Mobile Marketing,Affle/ripple,affle.com,,,,
,CRM,Agendize,agendize.com,,,,
,Mobile & Web Analytics,Air360,air360.io,,,,
,,Airbrake,,,,,
,Mobile Marketing,AirKast,airkast.com,,,,
ETIP,Mobile Marketing,Airpush,airpush.com,USA,com.airpush,,
,Mobile & Web Analytics,Albacross Website Tracking,albacross.com,,,,
,Mobile & Web Analytics,Alliant,alliantinsight.com,,,,
,,All-Star Media Group,allstarmediagroup.com,USA,,,
ETIP,,Alohalytics,github.com/biodranik/alohalytics,,org.alohalytics,,
ETIP,Display & Programmatic Advertising,Alphonso,alphonso.tv,,tv.alphonso.service,,
ETIP,,Altamob,altamob.com,,com.altamob.sdk.,,
ETIP,Mobile Marketing,AltBeacon,altbeacon.org,,com.altbeacon.beacon.,,
,Mobile Marketing,Altrooz,altrooz.com,USA,,,
,Mobile & Web Analytics,Amazon,amazon.com,,com.amazon.analytics,,
ETIP,,Amazon Advertisement,developer.amazon.com/public/apis/earn/mobile-ads/docs/quick-start,,com.amazon.device.ads,,
ETIP,,Amazon Analytics,developer.amazon.com/public/apis/manage/analytics/docs/analytics-for-android-fire-os,,com.amazon.insights|com.amazonaws.mobileconnectors.pinpoint.,mobileanalytics.us-east-1.amazonaws.com,
ETIP,,Amazon Mobile Associates,developer.amazon.com/mobile-associates,,com.amazon.device.associates,,
ETIP,,AMoAd,amoad.com,Japan,com.amoad.,,
ETIP,Display & Programmatic Advertising,Amobee,amobee.com,,com.amobee.adsdk.,,
ETIP,Mobile & Web Analytics,Amplitude,amplitude.com,,com.amplitude,,
ETIP,,Anagog,anagog.com,,com.anagog,,
,Mobile & Web Analytics,Analytics Toolkit,analytics-toolkit.com,,,,
,Mobile & Web Analytics,Anodot,anodot.com,,,,
,Mobile & Web Analytics,AnswerRocket,answerrocket.com,,,,
ETIP,,Answers,answers.io,,com.crashlytics.android.answers,,
ETIP,,AnySDK,anysdk.com,,com.anysdk,,
,Mobile Marketing,AOL,aol.com,USA,com.aol.mobile.sdk.|com.aol.metrics,,
,,AOL / Advertising.com,advertising.aol.com,USA,,,
ETIP,,Aotter,aotter.net,,,,
,,Apigee Mobile Analytics,,,,,
,,Apkudo,,,,,
,Mobile & Web Analytics,App Annie,appannie.com,,com.appannie.,,
ETIP,,AppAnalytics,appanalytics.io,,io.appanalytics.sdk,,
ETIP,,AppBrain,appbrain.com,,com.appbrain,,
,Mobile Apps,Appcelerator,appcelerator.com,,com.appcelerator.,,
,,AppCircle,,,,,
ETIP,,Appdynamics,appdynamics.com,,com.appdynamics,,
,,AppFireworks,appfireworks.com,,com.appfireworks,,
,,AppFlood/Papaya Mobile,appflood.com,China,com.appflood|com.papaya,,
ETIP,,appgeneration,appgeneration.com,,com.appgeneration.ituner.ad,,
,,Appgrade,,,,,
,,AppHance,,,,,
,,Appia,appia.com,USA,com.appia.sdk.,,
ETIP,Mobile Marketing,Applause,applause.com,,com.applause.android,,
,,Apple (iAds),,,,,
,,Applifier,applifier.com,Finland,com.applifier,,
,Mobile Marketing,AppLift,applift.com,Germany,,,
ETIP,Mobile Marketing,AppLovin,applovin.com,USA,com.applovin,,
,Mobile Apps,Appmachine,appmachine.com,,com.appmachine.,,
ETIP,,AppMetrica,tech.yandex.com/metrica-mobile-sdk,,com.yandex.metrica,,
ETIP,,AppMonet,appmonet.com,,com.monet.,,
,,AppMonsta,,,,,
ETIP,Mobile Marketing,Appnext,appnext.com,Israel,com.appnext,,
ETIP,Display & Programmatic Advertising,AppNexus,appnexus.com,USA,com.appnexus.opensdk|com.appnexus.oas.mobilesdk,,
,,appoday,,,,,
,,App-o-Day,appoday.com,USA,,,
ETIP,,Appodeal,appodeal.com,,com.appodeal.ads,,
,Mobile Marketing,Appreciate,appreciate.mobi,,,,
,,AppRedeem,appredeem.com,USA,,,
,,Apprupt,apprupt.com,Germany,com.apprupt.sdk,,
,,Appsavvy,appssavvy.com,USA,,,
,Mobile Apps,Appscend,appscend.com,,com.appscend.,,
ETIP,Mobile Apps,AppSee,appsee.com,,com.appsee,,
ETIP,Mobile & Web Analytics,AppsFlyer,appsflyer.com,,com.appsflyer.adx.sdk,,
,,AppTap,apptap.com,USA,,api.apptap.com|appdiscovery.apptap.com,
ETIP,Customer Experience Service & Success,Apptentive,apptentive.com,,com.apptentive.android.sdk,,
ETIP,Mobile Apps,Apptimize,apptimize.com,,com.apptimize,,
ETIP,Marketing Analytics Performance & Attribution,Apsalar,apsalar.com,USA,com.apsalar.sdk,,
ETIP,Mobile Apps,Apteligent by VMWare (formerly crittercism),apteligent.com,,com.crittercism.app.Crittercism,api.crittercism.com|appload.ingest.crittercism.com|txn.ingest.crittercism.com,
,Sales Automation Enablement & Intelligence,Aquafadas,aquafadas.com,,com.aquafadas.dp.reader.sdk.,,
,,Archer Inc,archermobile.com,USA,,,
ETIP,,Areametrics,areametrics.com,,com.areametrics.areametricssdk|com.areametrics.nosdkandroid,,
,Mobile Apps,Aruba Networks,arubanetworks.com,,com.arubanetworks.meridian.,,
,Mobile & Web Analytics,AskingPoint,askingpoint.com,,,,
,Mobile & Web Analytics,AT INTERNET,atinternet.com,,com.atinternet,,
ETIP,,ATInternet,atinternet.com/en,,com.atinternet.,ati-host\.net,
,Mobile Apps,Attendify,attendify.com,,com.attendify.android.app.,,
,Mobile Marketing,Attentive,attentivemobile.com,,,,
ETIP,,Auditude,adobe.com/privacy/policies/auditude.html,,com.auditude.ads,auditude.com,
,,Augme Technologies,augme.com,USA,,,
,Mobile Apps,Augur,augur.io,,io.augur.,,
ETIP,Mobile Marketing,Avazu,avazuinc.com,China,,,
,Mobile Marketing,AvidMobile,avidmobile.com,,,,
,Mobile Marketing,avocarrot,market-group.com,,,,
ETIP,Mobile Marketing,Axonix(mobclix),axonix.com|velti.com/mobclix.php,USA,com.axonix.android.sdk|com.mobclix.android.sdk,,
,Mobile Apps,Azetone,azetone.com,,com.azetone.,,
ETIP,,Backelite,backelite.com,,com.backelite,,
,CRM,Backstop Solutions Group,backstopsolutions.com,,,,
ETIP,,Backtrace,backtrace.io,,,,
ETIP,,Baidu APPX,app.baidu.com,,com.baidu.appx,,
ETIP,,Baidu Location,developer.baidu.com,,com.baidu.location,,
ETIP,,Baidu Map,lbsyun.baidu.com,,com.baidu.mapapi,,
ETIP,,Baidu Maps,map.baidu.com,,com.baidu.baidumap,,
ETIP,,Baidu Mobile Ads,developer.baidu.com,,com.baidu.mobads,,
ETIP,,Baidu Mobile Stat,developer.baidu.com,,com.baidu.mobstat,,
ETIP,,Baidu Navigation,lbsyun.baidu.com/index.php?title=android-navsdk,,com.baidu.navi,,
,,Bango,bango.com,USA,,,
,Mobile & Web Analytics,Baremetrics,baremetrics.com,,,,
ETIP,Mobile Marketing,Batch,batch.com,,com.batch.android,,
ETIP,Community & Reviews,BazaarVoice,bazaarvoice.com,,com.bazaarvoice.bvandroidsdk,,
ETIP,DMP,Beaconinside Proximity Dmp,beaconinside.com,,,,
ETIP,,BeaconsInSpace (Fysical),beaconsinspace.com,,com.beaconsinspace.android.beacon.detector.,,
ETIP,Retail Proximity & IoT Marketing,Beaconstac,beaconstac.com,,,,
,,Bee7,bee7.com,,com.bee7.sdk,,
ETIP,,Beemray,beemray.com,,com.beemray.,,
,,Beintoo,beintoo.com,Italy,com.beintoo.beaudiencesdk,,
,Mobile Marketing,Bidsopt,bidsopt.com,,,,
,Native/Content Advertising,Bidtellect,bidtellect.com,,,,
,,Bitbar,,,,,
ETIP,Mobile & Web Analytics,Bitly,bitly.com,,com.bitly.bitly,,
,,Blackberry Analytics Service,,,,,
ETIP,,Blesh,blesh.com,,com.blesh.sdk,,
,,Blind Ferret Media,blindferretmedia.com,,,,
,Retail Proximity & IoT Marketing,Blis,blis.com,,,,
,,BlisMedia,blismedia.com,UK,,,
,,Bloovue,,,,,
,Mobile & Web Analytics,Blue Green Analytics,bluegreenanalytics.com,,,,
ETIP,,Bluecats,bluecats.com,,com.bluecats.sdk,,
ETIP,Customer Data Platform,BlueConic,blueconic.com,,com.blueconic,,
ETIP,,BlueKai (acquired by Oracle),bluekai.com,,com.bluekai.sdk,,
,,bluTonic,blutonic.com,USA,,,
,,Boingo,media.boingo.com,USA,,,
,,BOKU,,,,,
ETIP,Mobile Marketing,Branch,branch.io,,io.branch.sdk,,
,Channel Partner & Local Marketing,Brandify,brandify.com,,com.brandify.brandifymobilesdk,,
,,Branovate,branovate.com,Israel,,,
ETIP,Marketing Automation & Campaign/Lead Management,Braze (formerly Appboy),braze.com,,com.appboy,appboy\.com,
,Retail Proximity & IoT Marketing,Brickworksoftware,brickworksoftware.com,,,,
ETIP,Video Marketing,Brightcove,brightcove.com,,com.brightcove.,,
,Video Advertising,BrightRoll,brightroll.com,USA,com.brightroll,,
,,BSQUARE,,,,,
ETIP,,Bugfender,bugfender.com,,com.bugfender.sdk,,
ETIP,,Bugly,bugly.qq.com,,com.tencent.bugly,,
,,Bugsense,bugsense.com (redirects to mint.splunk.com),,com.bugsense,,
ETIP,,Bugsnag,,,,bugsnag.com,
,Mobile Marketing,Bulk-SMS.io,bulk-sms.io,,,,
,Mobile Marketing,Burst SMS,burstsms.com.au,,,,
,iPaaS Cloud/Data Integration & Tag Management,Burt,burtcorp.com,,com.burtcorp.sdk,,
,,business.pinterest,,,,,
,Mobile Marketing,Button,usebutton.com,,com.usebutton.sdk,,
,Mobile & Web Analytics,Buxton,buxtonco.com,,,,
,,BuzzCity,buzzcity.com,Singapore,,,
,Native/Content Advertising,BuzzFeed,buzzfeed.com,,com.buzzfeed.ads.,,
,Mobile Marketing,byyd,byyd.me,,,,
,,CA Reward,ca-reward.co.jp,Japan,,,
,Mobile Marketing,Call Loop,callloop.com,,,,
,Mobile Marketing,CallHub,callhub.io,,,,
,Mobile & Web Analytics,Calq,calq.io,,,,
,Mobile & Web Analytics,Canecto,canecto.com,,,,
,Retail Proximity & IoT Marketing,Capillary,capillarytech.com,,,,
,,Capptain,,,,,
ETIP,Mobile Marketing,Carnival,carnival.io,,com.carnival.sdk|com.carnivalmobile,,
,,Casee,casee.cn,China,,,
,,Cashslide,cashslide.co.kr,Korea,,,
ETIP,,Cauly,cauly.net,,com.fsn.cauly|com.trid.tridad,,
ETIP,,Cedexis,cedexis.com,,com.cedexis.,,
,Mobile Marketing,Chalk Digital,chalkdigital.com,,com.chalkdigital.cdads.,,https://github.com/chalkdigital/Chalkdigital-Mobile-Ads-SDK-Examples
ETIP,Mobile & Web Analytics,Chartbeat,chartbeat.com,,com.chartbeat.androidsdk,,
ETIP,Mobile Marketing,Chartboost,chartboost.com,,com.chartboost.sdk,,
ETIP,,Cheetah Ads,cmcm.com,,com.cmcm.,\cmcm.com,
,,Chitika,chitika.com,USA,,,
,Mobile & Web Analytics,Church Analytics,churchanalytics.com,,,,
,Mobile Marketing,Cidewalk,cidewalk.com,,,,
ETIP,,Cifrasoft,cifrasoft.com,,com.cirasoft,.tele.fm,
,Mobile & Web Analytics,Cision,cision.com,,,,
,Mobile & Web Analytics,Clario,clario.io,,,,
ETIP,Mobile Marketing,CleverTap,clevertap.com,,com.clevertap,,
,Mobile Marketing,ClickaTell,clickatell.com,USA,,,
,Mobile Marketing,Clickky,clickky.biz,Ukraine,biz.clickky.ads_sdk.,,
,,ClickRocket,clickrocket.net,Russia,,,
,,ClicksMob,clicksmob.com,USA,,,
,Mobile & Web Analytics,Clicktale,clicktale.com,,,,
,Mobile & Web Analytics,Clicky,clicky.com,,,,
,iPaaS Cloud/Data Integration & Tag Management,Cloud Elements,cloud-elements.com,,,,
,DAM & MRM,Cloudinary,cloudinary.com,,com.cloudinary.,,
ETIP,,Cloudmobi,cloudmobi.net,,com.cloudtech,,
,Mobile Marketing,CLX,clxcommunications.com,,,,
ETIP,,cocos2dx,cocos2d-x.org/sdkbox,,org.cocos2dx,,
ETIP,,Colocator,developers.colocator.net,,net.crowdconnected.androidcolocator,,
,Customer Data Platform,CommandersAct,commandersact.com,,com.tagcommander,,
,Mobile & Web Analytics,CommuniGator (formerly Wow Analytics),communigator.co.uk,,,,
ETIP,Audience/Marketing Data & Data Enhancement,Comscore,comscore.com,,com.comscore,,
,,Comverse,comverse.com,USA,,,
ETIP,,Connecthings,connecthings.com,,com.connecthings.,,
,Native/Content Advertising,Content.Ad,content.ad,,,,
,CMS & Web Experience Management,Contentful,contentful.com,,com.contentful.,,
,Marketing Analytics Performance & Attribution,ContentSquare,contentsquare.com,,com.contentsquare.android.sdk,,
ETIP,,Conversant,conversantmedia.com,,com.conversantmedia,conversantmedia\.com,
ETIP,,Conviva,conviva.com,,com.conviva,,
,Mobile & Web Analytics,CoolaData,cooladata.com,,,,
,Mobile Marketing,Cordial,cordial.com,,,,
,CMS & Web Experience Management,Coremedia,coremedia.com,,com.coremedia,,
,,Coull,coull.com,UK,,,
ETIP,Mobile & Web Analytics,Countly,count.ly,,ly.count.android,,
,Mobile Marketing,Coupontools,coupontools.com,,,,
,,CPX Moversa Mobile,moversa.com,USA,,,
,Mobile & Web Analytics,Crazy Egg,crazyegg.com,,,,
,,Creafi Online Media,creafi.com,Spain,,,
,Mobile Marketing,Crisp Mobile,crispmobile.com,,,,
ETIP,Mobile Marketing,Criteo,criteo.com,,com.criteo,,
,,Crobo (Covus),crobo.com,Germany,,,
,,CrossInstall,x48.net,USA,,,
,,CrossPromotion,crosspromotion.com,,com.crosspromotion,,
,,CrowdMob,crowdmob.com,USA,,,
ETIP,,CrowdTangle,crowdtangle.com,,,,
ETIP,Audience/Marketing Data & Data Enhancement,Cuebiq,cuebiq.com,,com.cuebiq.cuebiqsdk,,
,Mobile & Web Analytics,CustomerEngagePro,customerengagepro.com,,,,
,Optimization Personalization & Testing,Cxense,cxense.com,,com.cxense.cxensesdk,,
,,CyberAgent,cyberagent.co.jp,,jp.co.cyberagent,,
,,CyberZ,cyber-z.co.jp,Japan,jp.co.cyberz,,
,Mobile Marketing,CytechMobile,cytechmobile.com,,,,
,Mobile & Web Analytics,Daddy Analytics,daddyanalytics.com,,,,
,,DataLogix,datalogix.com,USA,,,
,Mobile & Web Analytics,Datawatch,datawatch.com,,,,
,Marketing Analytics Performance & Attribution,Datorama,datorama.com,,com.datorama.,,
ETIP,,Dawin,click.dawin.tv,,,,
,,Dean Media Group,deanmediagroup.com,USA,,,
ETIP,,deltaDNA,deltadna.com,,com.deltadna,,
ETIP,,Demdex,adobe.com/data-analytics-cloud/audience-manager.html,,com.adobe.mobile.analytics,,
,Content Marketing,Desygner,desygner.com,,com.desygner.,,
,,Diandian Interactive Holding,,,,,
,,DidMo,didmo.com,Sweden,,,
,Native/Content Advertising,Digg,digg.com,,com.digg.,,
,Mobile Marketing,Digital Turbine,digitalturbine.com,,,,
,,Digital Turbine Media,,,,,
,CRM,Dimelo,dimelo.com,,com.dimelo.dimelosdk,,
,,DirectTAP,direct-tap.com/ [redirects to metaps.com],,com.directtap,,
ETIP,,Display,display.io,,io.display,,
,,Distimo,distimo.com,USA,,,
,,DMI Partners,dmipartners.com,USA,,,
,Sales Automation Enablement & Intelligence,DocuSign,docusign.com,,com.docusign.,,
,,Domob Ruida,domob.cn,China,cn.domob,,
ETIP,Display & Programmatic Advertising,DoubleClick by Google,doubleclickbygoogle.com,USA,com.google.android.gms.ads.doubleclick,mng-ads\.com|doubleclick\.net|doubleclick\.com|2mdn\.net|dmtry\.com,
ETIP,,DOV-E,dov-e.com,,com.dv.,.dov-e.com,
,Mobile Marketing,Drawbridge,drawbridge.com,USA,,,
,,DSNR Media Group,dsnrmg.com,Israel,,,
ETIP,,Duapps,ad.duapps.com,,com.duapps,,
,Audience/Marketing Data & Data Enhancement,Dun & Bradstreet,dnb.com,,com.dnb.vipps.,,
,Mobile & Web Analytics,Dynamicaction,dynamicaction.com,,,,
ETIP,Optimization Personalization & Testing,DynamicYield,dynamicyield.com,,com.dynamicyield,cdn.dynamicyield.com|adm.dynamicyield.com|api.dynamicyield.com|px.dynamicyield.com | st.dynamicyield.com,
ETIP,Mobile Apps,Dynatrace,dynatrace.com,,com.dynatrace.android.app,,
,,EA,,,,,
,Mobile & Web Analytics,eAnalytics,eanalytics.de,,,,
,Native/Content Advertising,Earnify,earnify.com,,,,
,,Ebay Advertising,ebayadvertising.com,USA,,,
,,Eclipse-io,eclipse.io,USA,,,
,Mobile & Web Analytics,Econda,econda.com,,,,
,,Efun Company,,,,,
ETIP,,Ehawk,en.ehawk.com,,com.hawk,,
ETIP,Marketing Automation & Campaign/Lead Management,Emarsys Predict,help.emarsys.com/hc/en-us/articles/115004663045-predict-overview,,com.emarsys.,recommender.scarabresearch.com,
,,Ember,,,,,
,,EngageClick,engageclick.com,USA,,,
,Mobile & Web Analytics,Engagement Labs,engagementlabs.com,,,,
ETIP,,Enhance,enhance.co,,co.enhance,,
ETIP,Customer Data Platform,Ensighten,ensighten.com,,com.ensighten,,
,Display & Programmatic Advertising,Epom,epom.com,Ukraine,,,
,,Eshare Media,,,,,
ETIP,Business/Customer Intelligence & Data Science,Esri,esri.com,,com.esri.,,
ETIP,Retail Proximity & IoT Marketing,Estimote,estimote.com,,com.estimote,,
,Mobile & Web Analytics,etracker Targeting Suite,etracker.com,,,,
ETIP,Customer Data Platform,Eulerian Technologies,eulerian.com,,com.eulerian.android.sdk,eulerian\.com,
,,EverBadge,everbadge.com,USA,,,
,,EverySignal,everysignal.com,USA,,,
ETIP,Governance Compliance and Privacy,Evidon (now Crownpeak),evidon.com,,com.evidon.,c.betrad.com,
ETIP,Retail Proximity & IoT Marketing,EVRYTHNG,evrythng.com,,https://developers.evrythng.com/docs/evrythng-java-sdk,,
ETIP,,ExactTarget,exacttarget.com,,com.exacttarget,,
ETIP,,Exelate (A Nielsen Company),exelate.com,,,loadus.exelator.com,
,,ExoClick Mobile,exoclick.com,Spain,,,
,Mobile & Web Analytics,ExtraWatch,extrawatch.com,,,,
,Mobile Marketing,Ez Texting,eztexting.com,,,,
,,Faad,,,,,
ETIP,,Facebook Ads,developers.facebook.com/docs/android,,com.facebook.ads,\.facebook\.com,
ETIP,,Facebook Analytics,developers.facebook.com/docs/android,,com.facebook.appevents,\.facebook\.com,
ETIP,,Facebook Audience,developers.facebook.com/docs/android,,com.facebook.audiencenetwork,\.facebook\.com,
ETIP,,Facebook Login,developers.facebook.com/docs/android,,com.facebook.login,\.facebook\.com,
ETIP,,Facebook Notifications,developers.facebook.com/docs/android,,com.facebook.notifications,\.facebook\.com,
ETIP,,Facebook Places,developers.facebook.com/docs/android,,com.facebook.places,\.facebook\.com,
ETIP,,Facebook Share,developers.facebook.com/docs/android,,com.facebook.share,\.facebook\.com,
,Mobile Marketing,Factual,factual.com,,com.factual.,,
,,Feelingtouch,,,,,
,,FGL,fgl.com,,com.fgl,,
,Mobile & Web Analytics,FICO,fico.com,,,,
ETIP,,FidZup,fidzup.com,,com.fidzup,,
ETIP,Mobile Marketing,Fiksu,fiksu.com,USA,com.fiksu.asotracking,,
,Mobile & Web Analytics,FireStats,firestats.cc,,,,
,Mobile & Web Analytics,Fishbowl,fishbowl.com,,,,
,,Flexion,,,,,
,,FlightPath (TesFlight),,,,,
ETIP,,Flurry,developer.yahoo.com/flurry,USA,com.flurry,,
ETIP,,FLUZO,fluzo.com,,com.fluzo.sdk,,
ETIP,,flymob,flymob.com,,com.flymob.sdk.common,,
ETIP,Mobile Marketing,FollowAnalytics,followanalytics.com,,com.followanalytics.|com.followapps,,
ETIP,Customer Experience Service & Success,Foresee,foresee.com,,com.foresee.sdk.foresee,,
,Mobile & Web Analytics,Formisimo,formisimo.com,,,,
,,Fortumo,,,,,
,Mobile Marketing,Foursquare,foursquare.com,,com.foursquare.pilgrimsdk,,
,Mobile & Web Analytics,FoxMetrics,foxmetrics.com,,,,
,,Fractional Media,fractionalmedia.com,USA,com.fractionalmedia.sdk,,
,,Freapp,freapp.com,Italy,,,
ETIP,Video Advertising,FreeWheel (a Comcast Company),freewheel.tv,,tv.freewheel.ad.,fwmrm.net,
,Live Chat & Chatbots,Freshchat,freshchat.com,,com.freshchat.consumer.sdk,,
,Customer Experience Service & Success,Freshdesk,freshdesk.com,,com.freshdesk.,,
,Mobile & Web Analytics,FullStory,fullstory.com,,,,
,,Funplus Interactive,,,,,
,,FusePowered,fusepowered.com,,com.fusepowered,,
,,Fybber,fybber.com,Germany,,,
ETIP,Mobile Marketing,Fyber,fyber.com,,com.fyber,,
ETIP,,Fyber SponsorPay,sponsorpay.com,,com.sponsorpay,,
,Mobile Marketing,Gadmobe Interactive,gadmobe.com,Hong Kong,,,
ETIP,,GameAnalytics,gameanalytics.com,,com.gameanalytics.sdk,,
,,GameHouse Promotion Network,partners.gamehouse.com,USA,,,
,,Gameloft,,,,,
,Mobile & Web Analytics,Gauges,get.gaug.es,,,,
,,Geenapp,geenapp.com,Spain,,,
ETIP,Mobile & Web Analytics,gemiusHeatMap,gemius.com,,com.gemius.sdk,,
,,Geniee,,,,,
,Mobile Marketing,GeoMoby,geomoby.com,,,,
,Mobile Marketing,GeoPlugin,geoplugin.com,,,,
,,Get.It,getitmobile.com/acquisition,USA,,,
,,GetJar,,,com.getjar,,
,Mobile Marketing,GetSocial,getsocial.im,,im.getsocial.sdk,,
,Optimization Personalization & Testing,Ghostery,ghostery.com,,com.ghostery.privacy.appnoticesdk,,
,Mobile & Web Analytics,GhostRec,ghostrec.jp,,,,
,,Giftiz / Purple Brain,giftiz.com,France,,,
,,Gigafone,gigafone.com,Russia,,,
ETIP,iPaaS Cloud/Data Integration & Tag Management,Gigya,gigya.com,,com.gigya,,
ETIP,Retail Proximity & IoT Marketing,Gimbal,gimbal.com,,com.gimbal.android,,
,Content Marketing,Ginger Software,gingersoftware.com,,com.gingersoftware.,,
,Mobile & Web Analytics,Glassbox,glassboxdigital.com,,,,
ETIP,Mobile Marketing,Glipsa/Avocarrot (justAd),glispa.com,Germany,com.avocarrot.sdk,\.avocarrot\.com|ads\.glispa\.com|exp\.glispa\.com|rtb\.platform\.glispa\.com|trk\.glispa\.com|templates\.glispaconnect\.com,
,,GMO Tech,smaad.jp,Japan,,,
,Mobile Marketing,Go2mobi,go2mobi.com,Canada,,,
,,GoldSpot Media,goldspotmedia.com,USA,,,
,Retail Proximity & IoT Marketing,GoNow,gonowpro.com,,,,
ETIP,,Google Ads,developers.google.com/admob/android,,com.google.android.gms.ads.mediation.,\.google\.com,
ETIP,,Google Analytics,google.com/analytics,USA,com.google.android.apps.analytics.|com.google.android.gms.analytics,,
ETIP,,Google CrashLytics,crashlytics.com,USA,io.fabric.|com.crashlytics,,
ETIP,,Google Firebase Analytics,firebase.google.com,USA,com.google.firebase.analytics.|com.google.android.gms.measurement,,
ETIP,,Google Tag Manager,google.com/analytics/tag-manager,USA,com.google.tagmanager,,
ETIP,Retail Proximity & IoT Marketing,GPShopper,gpshopper.com,,com.gpshopper,,
,,Gradient X,gradientx.com,USA,,,
,Content Marketing,Grammarly,grammarly.com,,com.grammarly.,,
,,GREE Ads,ads.gree.net,USA,net.gree,,
,Retail Proximity & IoT Marketing,Grey Jean Technologies,gjny.com,,,,
,,Greystripe (Conversant Media Inc.),greystripe.com,USA,com.greystripe,,
,Mobile Marketing,GroundTruth,groundtruth.com,,,,
,,GrowMobile,growmobile.com,USA,com.growmobile,,
,Mobile & Web Analytics,Growth Intelligence,growthintelligence.com,,,,
,Mobile Marketing,GrowthPush,growthpush.com,,,,
,,Guppy Media,guppymedia.com,USA,,,
,Mobile Marketing,GupShup,gupshup.io,,,,
,,Hands,hands.com.br,Brazil,,,
,Mobile & Web Analytics,HarePoint,harepoint.com,,,,
,Mobile & Web Analytics,Heap Inc,heapanalytics.com,,,,
,,Heatma.ps,,,,,
,Mobile & Web Analytics,Heatmap,heatmap.com,,,,
,Mobile & Web Analytics,HeatMapCo,heat-map.co,,,,
,Mobile Marketing,HelloWorld,helloworld.com,,,,
ETIP,Customer Experience Service & Success,Helpshift,helpshift.com,,com.helpshift,,
,Mobile Marketing,HeyStaks,heystaks.com,,,,
ETIP,Mobile Marketing,Heyzap (bought by Fyber),developers.heyzap.com,USA,com.heyzap.sdk.ads|com.heyzap.inneractive.api.ads.sdk,,
,,HipCricket,hipcricket.com,USA,,,
,Mobile & Web Analytics,HitLink,hitlink.com,,,,
,Mobile & Web Analytics,HitSteps,hitsteps.com,,,,
,Retail Proximity & IoT Marketing,Hivestack,hivestack.com,,,,
ETIP,,HockeyApp,hockeyapp.net,,net.hockeyapp,,
,,Hooked Media Group,hookedmediagroup.com,USA,,,
,Social Media Marketing & Monitoring,Hootsuite,hootsuite.com,,com.hootsuite.compose.sdk,,
,Mobile & Web Analytics,Hotjar,hotjar.com,,,,
ETIP,,Houndify,houndify.com,,com.hound,houndify.com,
,Channel Partner & Local Marketing,HP,hp.com,,com.hp.android.notificationsdk,,
,Retail Proximity & IoT Marketing,HTK,htk.co.uk,,,,
,,Hunt Mobile Ads,huntmads.com,Latin America,,,
ETIP,,HyperTrack,hypertrack.com,,com.hypertrack|com.hypertracklive.|io.hypertrack,,
ETIP,Mobile Marketing,HyprMX,hyprmx.com,,com.hyprmx.android.sdk,,
ETIP,,IBM Digital Analytics,ibm.com,,com.digitalanalytics,,
ETIP,Mobile & Web Analytics,IBM Mobile Marketing,ibm.com/customer-engagement/digital-marketing/mobile-marketing,,com.ibm.mce.sdk,,
,,iconpeak,iconpeak.com,Germany,,,
,Retail Proximity & IoT Marketing,Idealspot,idealspot.com,,,,
,iPaaS Cloud/Data Integration & Tag Management,IFTTT,ifttt.com,,com.ifttt.,,
,Mobile Marketing,IGAWorks,igaworks.com,,com.igaworks.adbrixtracersdk,,
,Mobile & Web Analytics,IHS,ihsmarkit.com,,,,
,,iLoop Mobile,iloopmobile.com,USA,,,
,iPaaS Cloud/Data Integration & Tag Management,Impact Radius,impactradius.com,,com.impactradius.,,
ETIP,,In Loco,inloco.com.br/en,,com.inlocomedia.android,inlocomedia.com,
,Mobile Marketing,Incoming Media,incoming.tv,,,,
,Retail Proximity & IoT Marketing,InContext Solutions,incontextsolutions.com,,,,
ETIP,,IndoorAtlas,indooratlas.com,,com.indooratlas.android.sdk,ipsws.indooratlas.com,
,,InfluAds (Carbon/BuySellAds),,,,,
ETIP,,INFOnline,infonline.de,,de.infonline,,
,,Infostretch Corporation,,,,,
,Mobile & Web Analytics,InfoTrust,infotrust.com,,,,
,Community & Reviews,InLoop,inloop.com,,,,
,Retail Proximity & IoT Marketing,Inmar,inmar.com,,,,
ETIP,Retail Proximity & IoT Marketing,InMarket,inmarket.com,,com.inmarket.m2m.,,
ETIP,Mobile Marketing,InMobi,inmobi.com,India,com.inmobi,,
,,Inneractive,inner-active.com,Israel,com.inneractive,,
,,innovational New media,innovationalnewmedia.co.uk,UK,,,
ETIP,,Inrix,inrix.com,,com.inrix.sdk,,
,Mobile Marketing,Insert,insert.io,,,,
,Optimization Personalization & Testing,Insider,useinsider.com,,com.useinsider.insider.,,
,Retail Proximity & IoT Marketing,Insideretail,insideretail.com.au,,,,
,Mobile & Web Analytics,Inspectlet,inspectlet.com,,,,
,Mobile Marketing,Inspired Mobile,inspired-mobile.com,,,,
ETIP,,Instabug,instabug.com/crash-reporting,,com.instabug.library.tracking|com.instabug.bug,,
ETIP,,Instreamatic,instreamatic.com,,com.instreamatic,instreamatic.com,
,Display & Programmatic Advertising,Integral Ad Science,integralads.com,,com.integralads.avid.library.,,
,iPaaS Cloud/Data Integration & Tag Management,integromat,integromat.com,,,,
,Retail Proximity & IoT Marketing,Intel,intel.com,,,,
,,Intela,intela.com,UK,,,
,Mobile & Web Analytics,Interana,interana.com,,,,
,Mobile Marketing,Intercom,intercom.com,,com.intercom.,,
ETIP,,Intrasonics,intrasonics.com,,com.intrasonics.,,
,Mobile Apps,ionic,ionicframework.com,,com.ionicframework.,,
,Customer Experience Service & Success,iPerceptions,iperceptions.com,,com.iperceptions.iperceptionssdk,,
,Mobile Marketing,iPinYou,ipinyou.com.cn,,,,
,Mobile & Web Analytics,IQLECT,iqlect.com,,,,
,,IQzone,iqzone.com,,com.iqzone,,
ETIP,Mobile Apps,ironSource,ironsrc.com,,com.ironsource,,
,Marketing Automation & Campaign/Lead Management,Iterable,iterable.com,,com.iterable.iterableapi.,,
,Mobile Marketing,iZooto,izooto.com,,,,
,Mobile Marketing,Jampp,jampp.com,,,,
,iPaaS Cloud/Data Integration & Tag Management,Janrain,janrain.com,,com.janrain.android.,,
,Retail Proximity & IoT Marketing,JDA,jda.com,,,,
,Mobile & Web Analytics,Jedox,jedox.com,,,,
,iPaaS Cloud/Data Integration & Tag Management,Jitterbit,jitterbit.com,,,,
,,JiWire,jiwire.com,UK,,,
,Mobile Marketing,JUICE Mobile,juicemobile.com,,,,
,Mobile Marketing,July Systems,julysystems.com,,,,
,,JumpTap,jumptap.com,USA,com.jumptap,,
ETIP,Video Advertising,JW Player,jwplayer.com,,com.longtailvideo.jwplayer,,
,Ecommerce Marketing,Kahuna,kahuna.com,,com.kahuna,,
,Video Marketing,Kaltura,corp.kaltura.com,,com.kaltura.,,https://developer.kaltura.com/api-docs/Client_Libraries
,,kamcord,kamcord.com,,com.kamcord,,
,Mobile Marketing,Kargo,kargo.com,USA,,,
ETIP,Mobile & Web Analytics,Keen IO,keen.io,,io.keen.client.,api.keen.io,
ETIP,,kidoz,kidoz.net/kidoz-sdk,,com.kidoz.sdk,,
,Mobile Marketing,Kiip,kiip.me,,me.kiip.sdk,,
,,Kimia,kimia.mobi,Spain,,,
,Mobile Apps,Kinvey,progress.com,,com.kinvey.,,
,Mobile & Web Analytics,KissMetrics,kissmetricshq.com,,,,
,,KissMyAds,affiliates.kissmyads.com,Germany,,,
ETIP,Marketing Analytics Performance & Attribution,Kochava,kochava.com,,com.kochava,,
,DAM & MRM,Kodak,kodak.com,,com.kodak.kioskconnect.,,
,iPaaS Cloud/Data Integration & Tag Management,Kofax,kofax.com,,com.kofax.mobile.sdk,,
,,Komli,komli.com,India,,,
,,Kontagent (Upsight),,USA,com.kontagent,,
ETIP,Mobile Marketing,Kontakt.io,kontakt.io,,com.kontaktio|com.kontakt.sdk.android.,kontakt\.io,
,Mobile Apps,Kony,kony.com,,com.kony.sdk,,
ETIP,,Krux,salesforce.com/products/marketing-cloud/data-management,,com.krux.androidsdk,,
,,Ktplay,us.ktplay.com,,com.ktplay,,
,Mobile Marketing,Kwanko,swelen.com,,com.swelen.ads.,,
,Retail Proximity & IoT Marketing,Label Insight,labelinsight.com,,,,
,Mobile Marketing,Landmrk,landmrk.it,,,,
,Display & Programmatic Advertising,LaunchBit,buysellads.com,USA,,,
,Customer Experience Service & Success,Layer Customer Conversation Platform,layer.com,,com.layer.lsdka|com\.layer\.sdk,,
,,LeadBolt,leadbolt.com,USA,com.leadbolt,,
,Mobile & Web Analytics,LeadBoxer,leadboxer.com,,,,
,Mobile & Web Analytics,Leadfeeder,leadfeeder.com,,,,
ETIP,Optimization Personalization & Testing,LeanPlum,leanplum.com,,com.leanplum,,
,Retail Proximity & IoT Marketing,Leeroy,leeroy.se,,,,
,Retail Proximity & IoT Marketing,Lemon Mobile,lemonllc.com,,,,
ETIP,,Lenddo,lenddo.com,,com.lenddo.mobile,.partner-service.link,
,Mobile Marketing,LevelUp,thelevelup.com,,,,
,Mobile & Web Analytics,Lexalytics,lexalytics.com,,,,
,,Libri Mobile,librimobile.com,USA,,,
,Mobile Marketing,LifeStreet Media,lifestreet.com,USA,,,
,Mobile Marketing,LIFTOFF,liftoff.io,,,,
ETIP,Display & Programmatic Advertising,Ligatus,ligatus.com,,.ligatusmanager|.ligatusviewclient|com\.ligatus,,
,Retail Proximity & IoT Marketing,Lightspeedhq,lightspeedhq.com,,,,
,,Lijit,lijit.com,USA,,,
ETIP,,Lisnr,lisnr.com,,com.lisnr.sdk,,
,Mobile & Web Analytics,Lityx,lityx.com,,,,
,Live Chat & Chatbots,LiveChat,livechatinc.com,,com.livechatinc.,,
,Live Chat & Chatbots,Liveperson,liveperson.com,,com.liveperson.api.sdk,,
,,Liverail,,,,,
,Mobile Marketing,LiveRamp,liveramp.com,,,,
,Retail Proximity & IoT Marketing,Localistico,localistico.com,,,,
ETIP,Mobile & Web Analytics,Localytics,localytics.com,,com.localytics,,
,Mobile & Web Analytics,Loceye,loceye.io,,,,
ETIP,,Locuslabs,locuslabs.com,,com.locuslabs.sdk,,
,Mobile & Web Analytics,Logaholic,logaholic.com,,,,
ETIP,,Loggly,loggly.com,,com.github.tony19|com.visiware.sync2ad.logger.loggly,,
,Mobile & Web Analytics,LogiKlu,logiklu.com,,,,
,iPaaS Cloud/Data Integration & Tag Management,LoginRadius,loginradius.com,,com.loginradius.sdk,,
,Video Advertising,LoopMe,loopme.com,USA,com.loopme.,,
ETIP,DMP,Lotame,lotame.com,,com.lotame,,
,,Lotaris,,,,,
,Mobile & Web Analytics,Lucky Orange,luckyorange.com,,,,
,,Lumata,lumata.com,Dubai,,,
,Mobile & Web Analytics,Lumio Analytics,lumio-analytics.com,,,,
,,Machine Zone,,,,,
,,Madhouse Media,madhouse.cn,China,,,
,Mobile & Web Analytics,Madkudu,madkudu.com,,,,
,,madnet.rs,,,,,
,Mobile Marketing,MADS,mads.com,,,,
ETIP,Mobile Marketing,Madvertise/Appsfire,madvertise.com,Germany,de.madvertise|com.mngads.sdk|com.mngads.views|com.mngads.,dispatcher\.mng\-ads\.com|mobile\.mng\-ads\.com,
,,MagicSolver,magicsolver.com,USA,,,
,Display & Programmatic Advertising,Magnetic,magnetic.com,,com.magnetic.,,
,Mobile & Web Analytics,Makersights,makersights.com,,,,
,,manage.airpush,,,,,
,Retail Proximity & IoT Marketing,Manhattan Associates,manh.com,,,,
,Retail Proximity & IoT Marketing,Manthan,manthan.com,,,,
ETIP,,Mapbox,mapbox.com,,com.mapbox.mapboxsdk,,
,,Marimedia,,,,,
,Mobile & Web Analytics,Market Resource Partners,mrpfd.com,,,,
,Retail Proximity & IoT Marketing,Market6,market6.com,,,,
,Retail Proximity & IoT Marketing,Marketingdonut,marketingdonut.co.uk,,,,
ETIP,Marketing Automation & Campaign/Lead Management,Marketo (an Adobe Company),marketo.com,,com.marketo.,mktossl\.com|mktoedge\.com|marketo\.com|marketo\.net,
,,Mars Technologies,,,,,
,Mobile Marketing,MassiveImpact,massiveimpact.com,USA,,,
ETIP,Mobile & Web Analytics,Matomo (Piwik),matomo.org,,org.piwik|org.piwik.mobile|org.matomo,,
,Display & Programmatic Advertising,Matomy Media Group,matomy.com,UK,,,
,Mobile & Web Analytics,Mattersight Behavioral Analytics,mattersight.com,,,,
,,Maudau,,,,,
,,mBrands3,,,,,
,,MdotM (CrossChannel Inc),mdotm.com,USA,com.mdotm,,
,Mobile Marketing,Meatti,meatti.com,,,,
,Mobile Marketing,Media Options,mediaoptions.com,,,,
,,media.boingo,,,,,
,,Media.net,media.net,USA,,,
,,MediaBrix,mediabrix.com,,com.mediabrix,,
,,Medialets,medialets.com,USA,com.medialets,,
,Mobile Marketing,Mediasmart,mediasmart.io,,,,
,Mobile Marketing,MediaSpike,mediaspike.com,,,,
,,MediaSwapp/Mister Bell,mediaswapp.fr,France,,,
ETIP,,Mediba,mediba.jp,,com.mediba.jp|mediba.ad.sdk.android.openx,,
,Content Marketing,Medium,medium.com,,com.medium.android.,,
,,Merlin by Nakko,,,,,
,,Metaps,metaps.com,Singapore,net.metaps,,
,Mobile & Web Analytics,Metrixa,metrixa.com,,,,
,,Mezzo Media,,,,,
,Mobile Marketing,mGage,mgage.com,,,,
,Native/Content Advertising,MGID,mgid.com,,,,
,Retail Proximity & IoT Marketing,Mi9 retail,mi9retail.com,,,,
,Business/Customer Intelligence & Data Science,Microsoft,microsoft.com,,com.microsoft.advertising,,
,Retail Proximity & IoT Marketing,Miipharos,miipharos.com,,,,
,Ecommerce Marketing,Mindbody Business,mindbodyonline.com,,com.mindbodyonline.ironhide.,,
,Mobile Marketing,MindMe,mindmemobile.com,,,,
,Mobile Marketing,Minimob (InternetQ),minimob.com,,,,
ETIP,,Mintegral,mintegral.com/en,,com.mintegral.,analytics.rayjump.com|cdn-adn.rayjump.com|de.rayjump.com|de01.rayjump.com|detect.rayjump.com|fk-mtrack.rayjump.com|hybird.rayjump.com|jssdk.rayjump.com|net.rayjump.com|online.rayjump.com|setting.rayjump.com|sg.rayjump.com|sg-mtrack.rayjump.com|sg01.rayjump.com|tknet.rayjump.com|us01.rayjump.com|rayjump.com,
,,Mintegral/Rayjump,rayjump.com,,com.mintegral,,
,Mobile & Web Analytics,Minubo,minubo.com,,,,
ETIP,Mobile & Web Analytics,MixPanel,mixpanel.com,,com.mixpanel,,
,,mkMob,mkmob.com,Jamaica,,,
,,mNectar,mnectar.com,USA,,,
ETIP,Mobile & Web Analytics,Moat,moat.com,,com.moat.analytics.mobile,,
,Mobile Marketing,MobAds/Mobidea,mobidea.com,,,,
,,Mobaloo,mobaloo.com,Spain,,,
,Retail Proximity & IoT Marketing,Mobee,wiser.com,,,,
ETIP,Mobile Marketing,MobFox,mobfox.com,Austria,com.mobfox|com.adsdk,,
,,MobGold,mobgold.com,USA,,,
,Mobile Marketing,Mobilda,mobilda.com,,,,
ETIP,,Mobile Engagement,docs.microsoft.comen-us/azure/mobile-engagement/mobile-engagement-android-sdk-overview,,com.ubikod.capptain.|com.microsoft.azure.engagement,,
,,Mobile Theory,mobiletheory.com,USA,,,
,Mobile Marketing,MobileAction,mobileaction.co,,,,
,,MobileAppTracking (HasOffers Inc.),mobileapptracking.com,,com.mobileapptracker,,
,Mobile Marketing,MobileFuse,mobilefuse.com,USA,,,
,Mobile Marketing,MobileRQ,mobilerq.com,,,,
,Mobile Marketing,mobileStorm,mobilestorm.com,,,,
,,mobiletheory,,,,,
,Mobile Marketing,Mobilewalla,mobilewalla.com,,,,
,Mobile Marketing,Mobilozophy,mobilozophy.com,,,,
,Mobile Marketing,Mobiniti,mobiniti.com,,,,
ETIP,,Mobiquity Networks,mobiquitynetworks.com,,com.mobiquitynetworks.,,
,Mobile Marketing,MOBIT,mobit.com,,,,
,Mobile Marketing,Mobithink,mobithink.com,,,,
,Mobile Marketing,Mobivity,mobivity.com,,,,
,,Moblin,moblin.com,Israel,,,
,,Moboqo,,,,,
,,MobPartner,mobpartner.com,France,com.mobpartner.android.publisher.,,
ETIP,,Mobpower,home.mobpowertech.com,,com.mobpower,,
,Native/Content Advertising,MobSoc,mobsocmedia.com,,,,
,Mobile Marketing,MobStac,mobstac.com,India,,,
,Mobile Marketing,Mobusi,mobusi.com,,,,
,,MobVision,,,,,
ETIP,Mobile Marketing,Mobvista,mobvista.com,,com.mobvista.msdk,,
,,MobYD,mobyd.com,Lisbon,,,
ETIP,Mobile Marketing,MOCA,mocaplatform.com,,,,
,,Mocean Mobile/ Mojiva,moceanmobile.com,USA,,,
,,Mochi Media,,,,,
,,Mocoplex,,,com.mocoplex,,
ETIP,Mobile Marketing,MoEngage Inc.,moengage.com,,com.moengage.,apiv2.moengage.com,
,,mologiq,mologiq.com,,com.mologiq,,
,Mobile Marketing,Monotype,swyftmedia.com,,,,
ETIP,,Moodmedia,us.moodmedia.com,,com.moodmedia,moodpresence.com,
,,Moolah Media,moolahmedia.com,USA,,,
,Mobile Marketing,Moovweb,moovweb.com,,,,
,,Mopapp,,,,,
ETIP,Mobile Marketing,MoPub (Twitter),mopub.com,,com.mopub.mobileads|com.mopub.dg.adsdk,mopub\.com,
,,Motive Interactive,motiveinteractive.com,USA,,,
,,Motricity (Voltari),voltari.com,USA,,,
,Mobile & Web Analytics,Mouseflow,mouseflow.com,,,,
,Mobile & Web Analytics,MouseStats,mousestats.com,,,,
,,Movend (Stream Media Pte Ltd.),,,,,
,,Movile,,,,,
,Mobile & Web Analytics,Moz,moz.com,,,,
,Mobile Marketing,Mozeo,mozeo.com,,,,
ETIP,,Mozilla Telemetry,wiki.mozilla.org/telemetry,,org.mozilla.telemetry|org.mozilla.gecko.telemetry,,
ETIP,Customer Data Platform,mParticle,mparticle.com,,com.mparticle,,
,,mPoint Media,,,,,
,,MPP Global Solutions,,,,,
,iPaaS Cloud/Data Integration & Tag Management,MuleSoft,mulesoft.com,,,,
,Customer Data Platform,MVPaudience bi Umbel,umbel.com,,com.umbel.,,
ETIP,,myTarget,target.my.com,,com.my.target,,
ETIP,,myTracker,tracker.my.com/promo,,com.my.tracker,,
,Retail Proximity & IoT Marketing,nalkip,nalkip.com,,,,
,Display & Programmatic Advertising,Nanigans,nanigans.com,,com.nanigans,,
,,NAS Media,,,,,
,Native/Content Advertising,Native Ads,nativeads.com,,,,
ETIP,Native/Content Advertising,NativeX,nativex.com,USA,com.nativex|com.w3i,,
,Native/Content Advertising,Nativo,nativo.com,,net.nativo.sdk,,
,Mobile Marketing,Near,near.co,,,,
,Mobile & Web Analytics,Nec,nec.com,,com.nec.,,
ETIP,Mobile Marketing,Nend,nend.net,Japan,net.nend.android.,,
,Mobile & Web Analytics,Netbiscuits,netbiscuits.com,,com.netbiscuits.bild.android.,,
,Governance Compliance and Privacy,Netwrix,netwrix.com,,,,
,,Neverblue,neverblue.com,Canada,,,
ETIP,Mobile & Web Analytics,New Relic,newrelic.com,,com.newrelic,,
,,new.appsfire,,,,,
,Retail Proximity & IoT Marketing,NewStore,newstore.com,,,,
ETIP,,Nexage,nexage.com,USA,com.nexage,,
,Display & Programmatic Advertising,Nielsen,nielsen.com,,com.nielsen.app.sdk,,
,Mobile & Web Analytics,NinjaCat,ninjacat.io,,,,
,Mobile Marketing,NinthDecimal,ninthdecimal.com,,,,
,,Noqoush,noqoush.com,UAE,,,
,,Norc Media,norcmedia.com,UK,,,
,Mobile Marketing,Notificare,notificare.com,,,,
,Mobile Marketing,NotifyFox,notifyfox.com,,,,
,Mobile Marketing,Nuance,nuance.com,,com.nuance.nmsp.client.sdk,,
,Retail Proximity & IoT Marketing,Nucleus.vision,nucleus.vision,,,,
,Mobile & Web Analytics,Nuevora,nuevora.com,,,,
,DMP,nugg.ad,nugg.ad,,ad.nugg.android.,,
,Retail Proximity & IoT Marketing,Numerator,numerator.com,,,,
,Mobile Marketing,Nuviad,nuviad.com,,,,
,Retail Proximity & IoT Marketing,NXTclick,nxt.click,,,,
,Display & Programmatic Advertising,Oath (formerly Millenial Media/One by AOL),oath.com,USA,com.millennialmedia,contextual.media.net|media.net|millennialmedia.com|adtech\.de,
ETIP,,OfferMobi,offermobi.com,USA,,,
,,Offers Total,,,,,
,Retail Proximity & IoT Marketing,Offrie,offrie.com,,,,
ETIP,,Ogury Presage,presage.io,,io.presage,,
,Retail Proximity & IoT Marketing,Omnia,omniaretail.com,,,,
,,Omniata,omniata.com,,com.omniata,,
ETIP,,Omniture,omniture.com,,com.omniture.|com.adobe.adms.measurement,,
,,One Platform Foundation,,,,,
ETIP,Mobile Marketing,OneSignal,onesignal.com,,com.onesignal,,
,Native/Content Advertising,OneSpot,onespot.com,,,,
,Governance Compliance and Privacy,OneTrust,onetrust.com,,,,
,Video Marketing,Ooyala,ooyala.com,,com.ooyala,,
,Mobile & Web Analytics,Open Web Analytics (OWA),openwebanalytics.com,,,,
ETIP,Mobile Apps,OpenBack,openback.com,,com.openback.android.sdk,,
,Retail Proximity & IoT Marketing,Openbravo Commerce Suite,openbravo.com,,,,
,Mobile Marketing,OpenMarket,openmarket.com,,,,
ETIP,Mobile & Web Analytics,Opentracker Mobile App Analytics,opentracker.net,,net.opentracker.android,app.opentracker.net,
ETIP,Display & Programmatic Advertising,OpenX,openx.com,USA,com.openx.android_sdk_openx,,
,,Opera Media,,,,,
,Mobile Marketing,Oplytic,oplytic.com,,com.oplytic.oplyticsdk,,
,Mobile Marketing,Opt It,optit.com,,,,
ETIP,Optimization Personalization & Testing,Optimizely,optimizely.com,,com.optimizely,,
,Retail Proximity & IoT Marketing,Oracle NetSuite,netsuite.com,,,,
,,Orange Ad Network,orangeadvertisingnetwork.com,France (Global),,,
,Mobile & Web Analytics,Oribi,oribi.io,,,,
ETIP,,OtherLevels,otherlevels.com,,com.otherlevels,,
,,Out There Media,out-there-media.com,,,,
ETIP,Native/Content Advertising,OutBrain,outbrain.com,,com.outbrain,,
,,Outfit7 Advertising Network,outfit7.com,,com.outfit7,,
,Mobile Marketing,Over The Shoulder,overtheshoulder.com,,,,
,Mobile Marketing,Oxygen8 Group,oxygen8.com,,,,
,Retail Proximity & IoT Marketing,Pangearetail,pangearetail.com,,,,
,Mobile Marketing,Papaya,papayamobile.com,,,,
,,partners.gamehouse,,,,,
,,PartyTrack,partytrack.it,,it.partytrack.sdk,,
,Mobile & Web Analytics,PaveAI,paveai.com,,,,
,,Pay4results,pay4results.eu,Estonia,,,
,,Paypal X,,,,,
,Mobile Marketing,PayTunes,paytunes.in,,,,
,Mobile & Web Analytics,Pendomonium,pendo.io,,,,
,Retail Proximity & IoT Marketing,Percolata,percolata.com,,,,
,Content Marketing,Percolate,percolate.com,,com.percolate.,,
,,Perfecto Mobile,,,,,
,Mobile Marketing,Perion,perion.com,,,,
ETIP,,Persona.ly,persona.ly,,ly.persona.sdk,,
,,Phluant Mobile,,,,,
,Mobile Apps,Phunware,phunware.com,,com.phunware.,,
,,PhunWare (TapIt),tapit.com,USA,com.tapit,,
,Retail Proximity & IoT Marketing,Phy Platform,bkon.com,,,,
ETIP,,Pilgrim,enterprise.foursquare.com/products/pilgrim,,com.foursquare.pilgrim|com.foursquare.pilgrimsdk.android,sdk.foursquare.com,
ETIP,,PingStart,pingstart.com,,com.pingstart.adsdk,,
ETIP,Search & Social Advertising,Pinterest,pinterest.com,USA,com.pinterest.android.pdk|com.pinterest.sdk,,
,Retail Proximity & IoT Marketing,Placebag,placebag.com,,,,
ETIP,,Placed,placed.com,,com.placed.client,,
ETIP,Mobile Marketing,PlaceGuru,placer.io,,com.placer.,,
,Mobile & Web Analytics,PlaceIQ,placeiq.com,,,,
,,PlacePlay,placeplay.com,USA,,,
,,Platform Play,platform-play.com,India,,,
,,Playerize,playerize.com,USA,,,
,,Playhaven,playhaven.com,USA,com.playhaven,,
,,Playrix,,,,,
,,Plenus,,,,,
,,Plethora Mobile,plethoramobile.com,USA,,,
ETIP,,plexure,plexure.com,,co.vmob.sdk,,
,,PLR Worldwide Sales,,,,,
,Mobile & Web Analytics,Plusmargin,plusmargin.com,,,,
,,PML,,,,,
,Mobile Marketing,PocketHive,pockethive.com,,,,
,Mobile Marketing,PocketMath,pocketmath.com,USA,,,
,Community & Reviews,Podium,podium.com,,,,
ETIP,Retail Proximity & IoT Marketing,Point Inside,pointinside.com,,,,
,Mobile & Web Analytics,Pointillist,pointillist.com,,,,
ETIP,Mobile Marketing,Pokkt,pokkt.com,India,com.pokkt.sdk,,
,Interactive Content,Pollfish,pollfish.com,,com.pollfish,,
,,Pontiflex,pontiflex.com,USA,com.pontiflex,,
,Mobile & Web Analytics,Popcorn Metrics,popcornmetrics.com,,,,
,Retail Proximity & IoT Marketing,Popdeem,popdeem.com,,,,
,,Prime31,prime31.com,,com.prime31,,
,CMS & Web Experience Management,Prismic,prismic.io,,io.prismic.,,
,Mobile Marketing,Privy,privy.com,,,,
,Mobile Apps,Progress,progress.com,,com.progress.,,
,Display & Programmatic Advertising,Propeller Ads,propellerads.com,UK,,,
,Mobile Marketing,ProTexting,protexting.com,,,,
,Retail Proximity & IoT Marketing,Proxama,proxama.com,,,,
ETIP,,Proximi,proximi.io,,io.proximi.proximiiolibrary,api.proximi.fi,
,Mobile Marketing,Proximity Kit,proximitykit.radiusnetworks.com,,,,
,Mobile & Web Analytics,Ptengine,ptengine.com,,,,
,,PubCenter (Microsoft Ads),,,,,
,Mobile Marketing,Publicators,publicators.com,,,,
ETIP,Native/Content Advertising,PubMatic,pubmatic.com,,com.pubmatic.sdk,,
ETIP,Mobile Marketing,PubNative,pubnative.net,,net.pubnative.sdk,,
,Native/Content Advertising,Pubocean,pubocean.com,,,,
,,Puca,puca.com,Ireland,,,
,Mobile & Web Analytics,Pulsate Predict,pulsatehq.com,,,,
,Mobile Marketing,PushApps,pushapps.mobi,,,,
,Mobile Marketing,PushCrew,pushcrew.com,,,,
,Mobile Marketing,Pushed,pushed.co,,,,
ETIP,,Pusher,pusher.com,,com.pusher.client,,
,Mobile Marketing,PushMonkey,getpushmonkey.com,,,,
,Mobile Marketing,Pushmote,pushmote.com,,,,
,Mobile Marketing,PushPrime,pushprime.com,,,,
ETIP,Mobile Marketing,PushSpring,pushspring.com,,com.pushspring.sdk.pushspring,,
,Mobile Marketing,PushWizard,pushwizard.com,,,,
ETIP,Mobile Marketing,PushWoosh,pushwoosh.com,,com.pushwoosh,,
ETIP,Optimization Personalization & Testing,Pyze,pyze.com,,com.pyze,,
,Mobile Marketing,Qriously,qriously.com,,,,
,Retail Proximity & IoT Marketing,Quad Analytix,quadanalytix.com,,,,
ETIP,Customer Experience Service & Success,Qualtrics,qualtrics.com,,com.qualtrics.,,
ETIP,Audience/Marketing Data & Data Enhancement,Quantcast,quantcast.com,USA,com.quantcast.measurement,,
,Content Marketing,Quark,quark.com,,com.quark.mobileiq.,,
,Retail Proximity & IoT Marketing,Quicon,quicon.eu,,,,
,,Quixey,quixey.com,USA,,,
,Search & Social Advertising,Quora,quora.com,,com.quora.android.,,
ETIP,Mobile Marketing,Radar,radar.io,,io.radar.sdk.radar,,
,Mobile Marketing,RadiumOne,radiumone.com,USA,com.radiumone,,
ETIP,Retail Proximity & IoT Marketing,Radius Networks,radiusnetworks.com,,com.radiusnetworks,,
,,Raftika (targetcircle AS),raftika.com,Israel,,,
,Mobile Marketing,Rain,rainlocal.com,,,,
,,Ranorex,,,,,
,Mobile & Web Analytics,Rapidminer,rapidminer.com,,,,
,Mobile & Web Analytics,Reach Analytics,reachanalytics.com,,,,
,Mobile & Web Analytics,RealEye,realeye.io,,,,
,Mobile Marketing,Receptiv,receptiv.com,,,,
,Community & Reviews,Reevoo,reevoo.com,,,,
,iPaaS Cloud/Data Integration & Tag Management,Relay42,relay42.com,,com.relay42.sdk,,
,Mobile Marketing,Remerge,remerge.io,,,,
,Mobile Marketing,Reporo,reporo.com,UK,,,
,Mobile Marketing,Repro,repro.io,,io.repro.android.,,
,iPaaS Cloud/Data Integration & Tag Management,Restlet,restlet.com,,org.restlet.,,
,Retail Proximity & IoT Marketing,Retail Next,retailnext.net,,,,
,Retail Proximity & IoT Marketing,Retailpro,retailpro.com,,,,
,Retail Proximity & IoT Marketing,retailwire,retailwire.com,,,,
,,Retargeting,,,,,
ETIP,,Retency,retency.com,,com.retency.sdk,,
,Native/Content Advertising,Revcontent,revcontent.com,,,,
,Mobile & Web Analytics,Revealytics,revealytics.com,,,,
,Retail Proximity & IoT Marketing,Revionics,revionics.com,,,,
,Mobile Marketing,RevMob,revmobmobileadnetwork.com,,,,
,,RevMob Mobile Ad Network,revmob.com,USA,com.revmob.ads.,,
,Mobile Marketing,Revx,revx.io,,,,
,Retail Proximity & IoT Marketing,rewango,rewango.com,,,,
,Display & Programmatic Advertising,RhythmOne,rhythmone.com,,com.rhythmone.ad.sdk,,
,,RightMedia,rightmedia.com,USA,,,
,,Rocket Fuel,rocketfuel.com,USA,,,
,Mobile Marketing,RockYou,rockyou.com,,,,
,Live Chat & Chatbots,ROKO Labs,rokolabs.com,,com.rokolabs.sdk,,
,Mobile Marketing,Rover,rover.io,,io.rover.,,
,,Rovio,rovio.com,Finland,com.rovio.fusion.cloudservicesnativesdk,,
ETIP,,Roximity (Acquired by Verve),roximity.com,,com.roximity.sdk,,
,Retail Proximity & IoT Marketing,RR Donnelley,rrdonnelley.com,,,,
,,RTB.com (formerly Manage.com),rtb.com,USA,,,
ETIP,Display & Programmatic Advertising,Rubicon Project,rubiconproject.com,USA,com.rfm.sdk.|com.rfm.*,,
,Mobile & Web Analytics,Rubikloud Technologies,rubikloud.com,,,,
,Mobile Marketing,Rungopher,rungopher.com,,,,
ETIP,Mobile Marketing,S4M,s4m.io,,.s4m.,,
,Mobile Marketing,Sabio Mobile,sabiomobile.com,,,,
ETIP,,Safe Graph,safegraph.com,,com.safegraph.|com.openlocate,,
,Mobile & Web Analytics,SalesChoice,saleschoice.com,,,,
,Mobile Apps,Salesforce,salesforce.com,,com.salesforce,,
,Retail Proximity & IoT Marketing,SalesWarp,saleswarp.com,,,,
,Ecommerce Platforms & Carts,SAP Hybris,hybris.com,,com.hybris.mobile.,,
,Mobile Marketing,Sapho,sapho.com,,,,
,Business/Customer Intelligence & Data Science,SAS,sas.com,,com.sas.,,
,,Sauce Labs,,,,,
,Retail Proximity & IoT Marketing,Scala,scala.com,,com.scala.mamp.,,
ETIP,,Scandit,scandit.com,,com.scandit,,
,Mobile Marketing,Scanova,scanova.io,,,,
ETIP,,Schibsted,schibsted.com,,.schibsted,,
ETIP,,Score Card Research,scorecardresearch.com,,,,
,,Secco Squared,seccosquared.com,USA,,,
,Mobile & Web Analytics,SeeVolution,seevolution.com,,,,
ETIP,Customer Data Platform,Segment,segment.com,,com.segment.analytics,,
,Mobile & Web Analytics,Seldon,seldon.io,,,,
,,SellAring,,,,,
,Marketing Automation & Campaign/Lead Management,Selligent,selligent.com,,com.selligent.sdk,,
,,SendDroid,senddroid.com,USA,,,
ETIP,,Sense360,sense360.com,,com.sense360.android.quinoa.lib.sense360,,
,Retail Proximity & IoT Marketing,Sensorberg,sensorberg.com,,com.sensorberg.sdk,,
ETIP,,Sensoro,sensoro.com,,com.sensoro.beacon.kit.|com.sensoro.cloud,,
ETIP,Retail Proximity & IoT Marketing,Sentiance,sentiance.com,,com.sentiance.sdk,,
,Mobile & Web Analytics,SessionCam,sessioncam.com,,,,
,Mobile Marketing,SessionM,sessionm.com,USA,com.sessionm,,
,,Seventynine,seventynine.mobi,India,,,
ETIP,Mobile Marketing,ShallWeAd,shallwead.com,,com.jm.co.shallwead.sdk.|com.co.shallwead.sdk,,
,Native/Content Advertising,Shareaholic,shareaholic.com,,,,
,Mobile & Web Analytics,Sharepoint Vitals,sharepointvitals.com,,,,
,Native/Content Advertising,Sharethrough,sharethrough.com,,com.sharethrough.android.sdk,,
,Retail Proximity & IoT Marketing,Shazam,shazam.com,USA,com.shazam.,,
,Mobile Marketing,Shelfbucks,shelfbucks.com,,,,
,Ecommerce Platforms & Carts,Shopify,shopify.com,,com.shopify.sdk,,
ETIP,Mobile Marketing,Shopkick,shopkick.com,,com.shopkick,,
,Retail Proximity & IoT Marketing,ShopperTrack,shoppertrak.com,,,,
,Mobile Marketing,Shopular,shopular.com,,,,
,Retail Proximity & IoT Marketing,Sigfox,sigfox.com,,,,
ETIP,Mobile Marketing,Signal360,signal360.com,,com.signal360.sdk|com.sonicnotify.sdk.core.|com.rnsignal360,,
,Mobile & Web Analytics,Silktide Insites,silktide.com,,,,
ETIP,,SilverPush,silverpush.co,,com.silverpush,,
,Mobile Marketing,SIM Partners,simpartners.com,,,,
,Mobile Marketing,SimpleTexting,simpletexting.com,,,,
ETIP,,Singlespot,singlespot.com,,com.sptproximitykit,,
,,SiteScout,sitescout.com,Canada,,,
,Mobile & Web Analytics,SiteTracker,sitetracker.com,,,,
,Mobile Marketing,Sito Mobile,sitomobile.com,,,,
ETIP,,Sizmek,sizmek.com,,.sizmek.,serving-sys\.com,
,,SK Planet (aka TAD),,,,,
ETIP,,SK planet Tad,skplanet.com,,com.skplanet.tad,,
,Mobile Marketing,Skyhook,skyhookwireless.com,,com.skyhookwireless.,,
,,SkyRocket (ex Burstly),burstly.com,USA,com.burstly,,
,Mobile & Web Analytics,SkyStats,skystats.com,,,,
,Mobile Marketing,SlickText,slicktext.com,,,,
ETIP,Mobile Marketing,Smaato,smaato.com,USA,com.smaato.soma,,
,Mobile Marketing,Smadex,smadex.com,Spain,,,
,,Smart AD,smartad.eu,Estonia,,,
ETIP,Display & Programmatic Advertising,Smart AdServer,smartadserver.com,USA,com.smartadserver.,adsrvr\.org|akamai\.smartadserver\.com|cdn1\.smartadserver\.com|diff\.smartadserver\.com|diff2\.smartadserver\.com|diff3\.smartadserver\.com|eqx\.smartadserver\.com|gallery\.smartadserver\.com|im2\.smartadserver\.com|itx5-publicidad\.smartadserver\.com|itx5\.smartadserver\.com|preview\.smartadserver\.com|rtb-csync\.smartadserver\.com|saspreview\.com|smartadserver\.ru|smartadserver\.com|tmk\.smartadserver\.com|insight\.adsrvr\.org|js\.adsrvr\.org|match\.adsrvr\.org|usw\-lax\.adsrvr\.org,
,,SmartFoxServer,smartfoxserver.com,,com.smartfoxserver,,
ETIP,,SmartLook,smartlook.com,,com.smartlook.sdk.smartlook.,smartlook\.com,
,,SMARTMAD,smartmad.com,,cn.smartmad,,
,Retail Proximity & IoT Marketing,Smartwhere,smartwhere.com,,,,
,,Smobiad,smobiad.com,Hungary,,,
,,Smowtion,smowtion.com,USA,,,
,Mobile Marketing,SMS Workflow,smsworkflow.com,,,,
,,Snakk Media,snakkmedia.com,Australia,,,
,Mobile Marketing,Snapmobl,snapmobl.com,,,,
,Mobile & Web Analytics,Snoobi Analytics,snoobi.eu,,,,
ETIP,Marketing Analytics Performance & Attribution,Snowplow Analytics,snowplowanalytics.com,,com.snowplowanalytics.,,
,,Social Ingot,socialingot.com,USA,,,
,Retail Proximity & IoT Marketing,Social retail,digitalsocialretail.com,,,,
,,SocialClicks,socialclicks.com,Israel,,,
,,SocialMoov,socialmoov.com,France,,,
,Retail Proximity & IoT Marketing,SOLINK,solinkcorp.com,,,,
ETIP,,Soomla,soomla.com,,com.soomla,,
,Retail Proximity & IoT Marketing,Sparkfun,sparkfun.com,,,,
,Mobile Marketing,Splicky,splicky.com,,,,
,Business/Customer Intelligence & Data Science,Splunk,splunk.com,,com.splunk.mint.,,
,,Sponsormob,sponsormob.com,Germany,,,
,Customer Experience Service & Success,Sprinklr,sprinklr.com,,com.sprinklr.collaboration.,,
,Retail Proximity & IoT Marketing,SPS,spscommerce.com,,,,
,Advocacy Loyalty & Referrals,Square,squareup.com,,com.squareup.,,
,Native/Content Advertising,StackAdapt,stackadapt.com,,,,
,,Star-Advertising,star-advertising.com,Luxembourg,,,
ETIP,Mobile Marketing,StartApp,startapp.com,USA (Global),com.startapp,,
,,Startmeapp,startmeapp.com,Latin America,,,
,Mobile & Web Analytics,StatCounter,statcounter.com,,,,
,Mobile & Web Analytics,Statvoo.com,statvoo.com,,,,
,Mobile & Web Analytics,Statwizards,statwizards.com,,,,
,,Steema,steema.com,,com.steema,,
,Mobile & Web Analytics,Sticky,sticky.ai,,,,
,Retail Proximity & IoT Marketing,StoreHippo,storehippo.com,,,,
,Retail Proximity & IoT Marketing,STRATEGIC PRICING SOLUTIONS,stratpricing.com,,,,
,Mobile & Web Analytics,StreamAnalyst,streamanalyst.com,,,,
,Retail Proximity & IoT Marketing,Streamretail,streamrealty.com,,,,
,Mobile Marketing,StreetHawk,streethawk.com,,,,
,,StrikeAd,strikead.com,USA,,,
,Sales Automation Enablement & Intelligence,Sudo,sudouest.fr,,com.sudouest.android,,
,Mobile Marketing,SUMOTEXT,sumotext.com,,,,
ETIP,,Supersonic Ads,supersonicads.com,UK,com.supersonic.adapters.supersonicads|com.supersonicads.sdk,,
,,Surikate,surikate.com,France,,,
,Interactive Content,SurveyMonkey,surveymonkey.com,,com.surveymonkey.surveymonkeyandroidsdk,,
ETIP,Retail Proximity & IoT Marketing,Swirl,swirl.com,,com.swirl.ping.,,
ETIP,Mobile Marketing,Swrve,swrve.com,USA,com.swrve.sdk,,
ETIP,,Sync2Ad,sync2ad.com,,com.visiware.sync2ad.dmp,,
ETIP,,Synerise,synerise.com,,com.synerise.sdk,synerise.com,
,Mobile Marketing,Syniverse,syniverse.com,,,,
,Retail Proximity & IoT Marketing,Synqera,synqera.com,,,,
,Mobile Marketing,Tabatoo,tabatoo.com,,,,
ETIP,Native/Content Advertising,Taboola,taboola.com,,com.taboola,,
ETIP,,tabtale,tabtale.com,,com.tabtale,,
ETIP,,Tag Commander,commandersact.com/en,,com.tagcommander.,\.commander1\.com,
ETIP,,TalkingData,talkingdata.com,,com.tendcloud.|com.talkingdata.sdk,,
ETIP,Mobile Marketing,Tamoco,tamoco.com,,com.tamoco,,
,,Tap for Tap,,,,,
,,Tap2Pay,,,,,
ETIP,Mobile Marketing,Tapad,tapad.com,,com.tapad,,
,,TapCommerce,tapcommerce.com,USA,,,
ETIP,,Tapdaq (Acquired by Tapjoy),tapdaq.com,,com.tapdaq.sdk,,
,,Tapfortap,tapfortap.com,Canada,,,
,Mobile Marketing,TapFwd,tapfwd.com,,,,
,,Tapgage,tapgage.net,USA,,,
ETIP,Mobile Marketing,TapJoy,tapjoy.com,USA,com.tapjoy,,
ETIP,Mobile Marketing,Taplytics,taplytics.com,,com.taplytics.sdk,,
,Mobile Marketing,Tappx,tappx.com,,com.tappx.sdk,,
,,Tapsense,tapsense.com,,com.tapsense,,
,Mobile Apps,Tapstream,tapstream.com,,com.tapstream.sdk,,
,,TapTap Networks,,,,,
,Mobile Marketing,Taptica,taptica.com,USA,,,
,,TargetCircle,,,,,
,Mobile Marketing,Tatango,tatango.com,,,,
,Mobile & Web Analytics,Tatvic,tatvic.com,,com.tatvic.lib.,,
ETIP,Video Advertising,Teads,teads.tv,,tv.teads,,
ETIP,Customer Data Platform,Tealium,tealium.com,,.tealium,,
,Mobile Marketing,Teckst,teckst.com,,,,
ETIP,Display & Programmatic Advertising,Teemo,teemo.co,,com.databerries.|com.geolocstation,,
ETIP,,TeleQuid,telequid.com,,com.telequid,,
,Mobile & Web Analytics,TeleSign,telesign.com,,com.telesign.mobile.,,
,,Tencent,tencent.com,,com.tencent,,
ETIP,,Tencent Map LBS,lbs.qq.com,,com.tencent.lbs,,
ETIP,,Tencent MobWin,tencent.com/en-us,,com.tencent.mobwin,,
ETIP,,Tencent MTA,mta.qq.com,,com.tencent.mta,,
ETIP,,Tencent Stats,stat.qq.com,,com.tencent.stat,,
ETIP,,Tencent Weiyun,weiyun.com,,com.tencent.weiyun|com.weiyun.sdk,,
,Mobile & Web Analytics,Tenjin,tenjin.io,,,,
,Mobile & Web Analytics,Terapeak,terapeak.com,,,,
,,Text2Pay,,,,,
,Mobile Marketing,Texting Base,textingbase.com,,,,
,Mobile Marketing,Textlocal,textlocal.com,,,,
,Mobile Marketing,TextMagic,textmagic.com,,,,
,Mobile Marketing,TextMarks,textmarks.com,,,,
,Mobile Marketing,ThinkGaming,thinkgaming.com,,,,
,Mobile Marketing,Thinknear,thinknear.com,,,,
,,Thirdpresence,,,,,
,,ThreatMetrix,threatmetrix.com,,com.threatmetrix,,
,Mobile Marketing,Thumbvista,thumbvista.com,,,,
,Mobile Apps,Thunkable,thunkable.com,,com.thunkable.,,
,,TIM Group,timgroup.com,,com.timgroup,,
ETIP,,Tinder Analytics,tinder.com,,com.tinder.analytics|com.tinder.ads,,
,,Tinkoff Digital,madnet.rs,Russia,,,
ETIP,Mobile Marketing,TNK,tnkfactory.com,Korea,com.tnkfactory,,
,,Todacell,todacell.com,Israel,,,
,,TokenAds,tokenads.com,Israel,,,
,Affiliate Marketing & Management,Tradedoubler,tradedoubler.com,UK,,,
,,TradeMob,trademob.com,Germany,,,
,Customer Data Platform,Treasure Data,treasuredata.com,,com.treasuredata.android.,,
,,Tremor Video,tremorvideo.com,USA,com.tremorvideo,,
,Mobile Marketing,TreSensa,tresensa.com,,,,
,Mobile & Web Analytics,Trialfire,trialfire.com,,,,
,Mobile Marketing,TrialPay,trialpay.com,USA,com.trialpay,,
,,Triapodi Ltd.,,,,,
ETIP,,Trillbit,trillbit.com,,com.trillbit.,api.trillbit.com,
ETIP,Native/Content Advertising,TripleLift,triplelift.com,,com.triplelift.sdk,,
,,Trophit,trophit.com,Israel,com.trophit.,,
,Mobile Marketing,Trumpia,trumpia.com,,,,
,Governance Compliance and Privacy,TrustArc,trustarc.com,,,,
,,Truvie,n/a,,com.truvie,,
,Retail Proximity & IoT Marketing,Tulip,tulip.io,,,,
ETIP,Mobile & Web Analytics,TUNE,tune.com,,com.tune|com.mobileapptracker,,
,,Turn,turn.com,USA,,,
ETIP,,Tutucloud,tutucloud.com,,org.lasque.tusdk,tusdk\.com,
,,TV GmbH,,,,,
,Mobile Marketing,Twilio,twilio.com,,com.twilio.,,
,,Twinpine,twinpinenetwork.com,Africa  Nigeria,,,
,,Twist Mobile,twistmobile.in,India,,,
,Mobile Marketing,TXT180,txt180.com,,,,
,Mobile Marketing,Txtimpact,txtimpact.com,,,,
,Mobile Marketing,TxtSync,txtsync.com,,,,
ETIP,,Uber Analytics,uber.com,,com.ubercab,,
,Mobile Marketing,UberAds,uberads.com,,,,
,Mobile Marketing,UberMedia,ubermedia.com,USA,com.ubermedia.,,
,Mobile Marketing,Ubimo,ubimo.com,,,,
,,UC Mobile New World,,,,,
ETIP,,Ultimedia,ultimedia.com,,,,
ETIP,,Umeng Analytics,umeng.com,,com.umeng.analytics,,
ETIP,,Umeng Feedback,dev.umeng.com,,com.umeng.fb,,
,Retail Proximity & IoT Marketing,Unacast,unacast.com,,,,
,,Unicume,unicume.com,Russia,,,
,Mobile & Web Analytics,Unify.me,unify.me,,,,
ETIP,Mobile Marketing,Unity,unity3d.com,,com.unity3d.services|com.unity3d.ads,unity3d\.com|unity\.com|applifier\.com|applifier\.info,
,,UnkaSoft,unkasoft.com,Spain,,,
,,Unruly Media,unrulymedia.com,USA,,,
,Mobile Marketing,Upland Software,uplandsoftware.com,,,,
,Retail Proximity & IoT Marketing,Upper Quandrant,upperquadrant.com,,,,
,Mobile & Web Analytics,Upsight,upsight.com,,com.upsight,,
,Mobile Marketing,Upstream,upstreamsystems.com,,,,
,Retail Proximity & IoT Marketing,Upstreamcommerce,upstreamcommerce.com,,,,
ETIP,Mobile Marketing,Urban Airship,urbanairship.com,,com.urbanairship,device-api.urbanairship.com|urbanairship.com,
,,Urbanity Media,urbanityadnetwork.com,USA,,,
,,URX,urx.com,USA,,,
,Customer Experience Service & Success,Usabilla,usabilla.com,,com.usabilla.sdk,,
,CMS & Web Experience Management,Usablenet,usablenet.com,,com.usablenet.android.,,
,,UserMetrix,,,,,
,Mobile & Web Analytics,UserReplay,userreplay.com,,,,
,Customer Experience Service & Success,UserVoice,uservoice.com,,com.uservoice.uservoicesdk,,
,Mobile Apps,UXCam,uxcam.com,,com.uxcam.,,
,Mobile Marketing,Valassis,valassis.com,,,,
,Retail Proximity & IoT Marketing,Valassis Digital,valassisdigital.com,,,,
,Audience/Marketing Data & Data Enhancement,Validity,validity.com,,com.validity.fingerprint.,,
,Mobile & Web Analytics,Vantage,gotvantage.com,,,,
,,Vdopia,vdopia.com,USA,com.vdopia,,
ETIP,,Vectaury,vectaury.io,,io.vectaury.android.sdk,,
ETIP,,Veloxity,veloxity.net,,net.veloxity,,
,Mobile Marketing,Velti,velti.com,USA,,,
,Retail Proximity & IoT Marketing,Vend,vendhq.com,,,,
,,Venzi Media,,,,,
,Mobile & Web Analytics,Versium,versium.com,,,,
,Mobile & Web Analytics,Verto App Watch,vertoanalytics.com,,,,
ETIP,Mobile Marketing,Verve,verve.com,,,,
,,Verve Mobile,vervemobile.com,USA,com.vervewireless.advert,,
,,VESSEL,,,,,
,Mobile Marketing,Vibes,vibes.com,,,,
,Video Marketing,Vimeo,vimeo.com,,com.vimeo.android.analytics.,,
,Mobile Marketing,Vistar Media,vistarmedia.com,,,,
,Mobile & Web Analytics,Visual IQ,visualiq.com,,,,
,Retail Proximity & IoT Marketing,VL OMNI,virtuallogistics.ca,,,,
,,Volo Media,,,,,
,Mobile & Web Analytics,Voluum,voluum.com,,,,
,,Vpon,,,com.vpon,,
,DMP,Vserv,vserv.com,India,,,
ETIP,Video Advertising,Vungle,vungle.com,USA,com.vungle.sdk,,
,Optimization Personalization & Testing,VWO,vwo.com,,com.vwo.mobile.,,
,Retail Proximity & IoT Marketing,Walkbase,walkbase.com,,,,
ETIP,,WalkMe/Abbi.io,walkme.com,,,,
,,WAPSTART,,,com.waps,,
,,WaveX,,,,,
,,WebAds,webads.co.uk,UK,,,
,,Webmoblink,webmoblink.com,Latin America,,,
ETIP,Display & Programmatic Advertising,Weborama,weborama.com,France,com.weborama,,
,Mobile & Web Analytics,Websays,websays.com,,,,
,Business/Customer Intelligence & Data Science,Webtrekk,webtrekk.com,,com.webtrekk,,
ETIP,Mobile & Web Analytics,Webtrends,webtrends.com,,com.webtrends.mobile.analytics.|com.webtrends.mobile.android,,
ETIP,,WeChat Location,wechat.com,,com.tencent.map.geolocation|com.tencent.mm.plugin.location.|com.tencent.mm.plugin.location_soso.|com.tencent.mm.plugin.location_google,map\.qq\.com,
,Mobile & Web Analytics,Weelytics,weelytics.com,,,,
ETIP,Mobile Marketing,Widespace,widespace.com,Sweden,com.widespace.,,
,Display & Programmatic Advertising,wikia,wikia.com,,com.wikia.,,
,,Wildfire Analytics,,,,,
,Ecommerce Marketing,Wix,wix.com,,com.wix.,,
,Mobile Marketing,WompMobile,wompmobile.com,,,,
,Mobile Marketing,WonderPush,wonderpush.com,,com.wonderpush.sdk,,
,DAM & MRM,Woodwing Software,woodwing.com,,com.woodwing.,,
,Mobile & Web Analytics,Woopra,woopra.com,,,,
ETIP,,Wootric,wootric.com,,com.wootric.androidsdk.,wootric.com|.wootric.com.herokudns.com,
,,WPP,,,,,
,Mobile & Web Analytics,Wundermailing,wundermailing.com,,,,
,Mobile Apps,Xamarin,xamarin.com,,com.xamarin.forms.,,
,,Xapads,xapads.com,India,,,
,,Xaxsis,,,,,
ETIP,,Xiti,xiti.com,,,,
ETIP,,Yandex Ad,yandex.com,,com.yandex.mobile.ads,,
,,Ybrant Digital,ybrantdigital.com,India,,,
,,YDigital Media,ydigitalmedia.com,Portugal,,,
,Native/Content Advertising,YeahMobi,yeahmobi.com,China,,,
,Search & Social Advertising,Yelp,yelp.com,,com.yelp.android.analytics.,,
ETIP,,Yext,yext.com,,com.yext.locationsdk.,,
,Mobile Marketing,Yieldmo,yieldmo.com,USA,com.yieldmo.sdk,,
ETIP,,Yinzcam Sobek,yinzcam.com,,com.yinzcam.sobek,analytics.yinzcam.com,
ETIP,,YOC,yoc.com,,com.yoc.sdk.,yoc.com|yoc-performance.com,
,Mobile Marketing,YOOSE,yoose.com,,,,
ETIP,Mobile Marketing,YouAppi,youappi.com,,com.youappi.sdk,,
ETIP,,Youmi,youmi.net,,net.youmi,au\.youmi\.net|aos\.wall\.youmi\.net|youmi\.net,
,Video Advertising,YuMe,yume.com,USA,com.yume,,
,Mobile Marketing,Zaius,zaius.com,,,,
ETIP,,Zapr,zapr.in,,com.redbricklane.zapr,.zapr.in,
,Customer Experience Service & Success,Zendesk,zendesk.com,,com.zendesk.sdk,,
ETIP,,Zucks,zucks.co.jp,,net.zucks.,zucks.net,
,Native/Content Advertising,Zumobi,zumobi.com,,com.zumobi.,,
